,Title,Year,Genre,Author,Summary,Country,ISBN,Publication
1,to kill a mocking bird,2010," Domestic Fiction, Novel, Thriller",Harper Lee,"Scout Finch lives with her brother Jem, and their widowed father, Atticus, in the sleepy Alabama town of Maycomb. ... Scout goes to school for the first time that fall and detests it. She and Jem find gifts apparently left for them in a knothole of a tree on the Radley property.",USA,9.78E+12,J. B. Lippincott & Co.
2,the handmaid's tale,1996,"Science Fiction, Novel",Margaret Atwood,"Offred is a Handmaid in the Republic of Gilead, a totalitarian and theocratic state that has replaced the United States of America. ... As Offred tells the story of her daily life, she frequently slips into flashbacks, from which the reader can reconstruct the events leading up to the beginning of the novel.",USA,'0099740915, McClelland & Stewart
3,wolf hall,2009,Historical Fiction,Hilary Mantel,"the first in a trilogy – is a biographical account of the rags-to-riches story of Thomas Cromwell. ... As a child, Cromwell is at the mercy of a brutish father, a crude man who beats him frequently.",USA,7353553,Fourth Estate
4,the picture of dorian gray,2015,"Gothic fiction, Philosophical fiction",Oscar Wilde,"In the stately London home of his aunt, Lady Brandon, the well-known artist Basil Hallward meets Dorian Gray. Dorian is a cultured, wealthy, and impossibly beautiful young man who immediately captures Basil’s artistic imagination.",United Kingdom,9.79E+12,Fingerprint! Publishing
5,sunlight on a broken column,2009,Fiction,Attia Hosain,"Sunlight on a Broken Column was written by Attia Hosain and was published in 1961. The novel is set in Lucknow, India, and the protagonist and topic of this autobiography is a fictional girl named Laila, who is the daughter of a rich Muslim family and is an orphan",India, 014306648X,Penguin India
6,13 steps to bloody good health,2019,"Health, Fitness",Ashwin Sanghi,"Ashwin mocks traditionalists in the face by titling his book the “It is tragic that we get old too soon and wise up to life too late. There’s so much we could—and should—have done to get to this point in better shape. The question is: what should we do now? But health remedies are dime-a-dozen, each one contradicting another.",India,9387894681, Westland
7,"health, hygiene and nutrition - 3 tiers of a good living",2017,"Health, Fitness",Prof.P.K.Ray,"Health, Hygiene and Nutrition - 3 Tiers of a Good Living brings forth information regarding how to maintain good health by living in a healthy, hygienic environment as well as assuring you have nutritious food. To be able to keep a track of all these, one first has to be knowledgeable and then practice them in everyday life.",India,1946822272,Notion Press
8,13 steps to bloody good parenting,2019,"Health, Fitness, Lifestyle",Ashwin Sanghi,"In this age of hyper-information, parenting is much like tap-dancing in a minefield. There was a time when parents had nothing to draw from except for their experiences with their own parents.",India,938757878X,Westland
9,atomic habits: an easy and proven way to build good habits and break bad one,2018,"Health, Lifestyle",James Clear,"The premise of Atomic Habits by James Clear is that it's very easy to underestimate the value of making small improvements on a daily basis. ... In fact, according to Atomic Habits, habits are the compound interest of self-improvement",USA,B01N5AX61W,Cornerstone Digital
10,autobiography of a yogi,2006,"Health, Yoga",Paramahansa Yogananda,"Paramhansa Yogananda, widely credited with bringing yoga to the west, tells the story of his remarkable lifelong spiritual journey in Autobiography of a Yogi. From a very young age, Yogananda, born Mukunda Lal Ghosh, was clearly more spiritually natured than most",India,8120725247,Sterling Publishers Pvt.Ltd; UK ed. Edition
11,the blind assassin: a novel,2009,"Historical Fiction, Psychological Fiction",Margaret Atwood,"In this family history, she tells the story of her sister, Laura, a troubled young woman who committed suicide by driving off a bridge. Laura has since become famous thanks to the posthumous publication of her novel, The Blind Assassin. Iris and Laura live with their parents at Avilion, the family estate.",USA,385720955, McClelland & Stewart
12,the c programming language,2015,"Programing, Computer Science",Dennis Ritchie,"This book is meant to help the reader learn how to program in C. It is the definitive reference guide, now in a second edition. Although the first edition was written in 1978, it continues to be a worldwide best-seller. This second edition brings the classic original up to date to include the ANSI standard.",India,9332549443,Pearson Education India
13,the c++ programming language,2013,"Programing, Computer Science",Bjarne Stroustrup,"More than three-quarters of a million programmers have benefited from this book in all of its editions Written by Bjarne Stroustrup, the creator of C++, this is the world's most trusted and widely read book on C++. For this special hardcover edition, two new appendixes on locales and standard library exception safety",USA,321563840,Addison-Wesley Professional
14,a smarter way to learn python: learn it faster. remember it longer,2017,"Programing, Computer Science",Mark Myers,"More than three-quarters of a million programmers have benefited from this book in all of its editions Written by Bjarne Stroustrup, the creator of C++, this is the world's most trusted and widely read book on C++. For this special hardcover edition, two new appendixes on locales and standard library exception safety",USA,1974431479,CreateSpace Independent Publishing Platform
15,sql quickstart guide: the simplified beginner's guide to sql,2015,"Programing, Database",ClydeBank Technology,The Ultimate Beginner's Guide To Learning SQL - From Retrieving Data To Creating Databases! Structured Query Language or SQL (pronounced sequel by many) is the most widely used programming language used in database management and is the standard language for Relational Database Management Systems,USA,1508767483,CreateSpace Independent Publishing Platform
16,war and peace,1869,Historical Novel, Leo Tolstoy,War and Peace is a novel by the Russian author Leo Tolstoy. It is regarded as a central work of world literature and one of Tolstoy's finest literary achievements.,Russia,9.78E+12,The Russian Messenger
17,what we’re teaching our sons,2018,"Poetry, Domestic Fiction", Owen Booth,"We’re teaching our sons about money; about heartbreak, and mountains, and philosophy. We’re teaching them about the big bang and the abominable snowman and what happens when you get struck by lightning. We’re teaching them about the toughness of single mothers, and ",United Kingdom,9.78E+12,Fourth Estate
18,the illustrated history of world war ii,1980,"History, Military","Owen Booth,  John H. Walton","A comprehensive and informative account of the greatest conflict in the history of the world. Illustrated with over 500 black and white and color photographs and artworks. Twenty-six full-color maps showing what happened during specific engagements on land and sea, and in the air.",USA,785810161,Chartwell Books
19,alias grace,1996,"Novel, Historical Fiction, Biographical Fiction", Margaret Atwood,"Margaret Atwood was born in 1939 in Ottawa and grew up in northern Ontario, Quebec, and Toronto. She received her undergraduate degree from Victoria College at the University of Toronto and her master's degree from Radcliffe College.",United Kingdom,077100835X,McClelland & Stewart
20,the progress of love,1986,"Short story, Domestic Fiction",Alice Munro,A divorced woman returns to her childhood home where she confronts the memory of her parents' confounding yet deep bond.,Canada,077106666X,McClelland & Stewart
21,dance of the happy shades,1968,"Short story, Fiction, Short story collection",Alice Munro,"Alice Munro's territory is the farms and semi-rural towns of south-western Ontario. In these dazzling stories she deals with the self-discovery of adolescence, the joys and pains of love and the despair and guilt of those caught in a narrow existence.",Canada,99273772, Ryerson Press
22,the moons of jupiter,1982,"Short story, Fiction",Alice Munro,"The Moons of Jupiter is a book of short stories by Alice Munro, published by Macmillan of Canada in 1982. It was nominated for the 1982 Governor General's Award for English Fiction. The title of the collection follows from the last short story in the collection",Canada,99458365,Macmillan of Canada
23,resurrection,1899,"Philosophical fiction, Political fiction",Leo Tolstoy,Resurrection (1899) is the last of Tolstoy's major novels. It tells the story of a nobleman's attempt to redeem the suffering his youthful philandering inflicted on a peasant girl who ends up a prisoner in Siberia.,Russia,735102864,Niva
24,in cold blood,1966,"Crime Fiction, Non-fiction novel", Truman Capote,,USA,679745580, Random House
25,crime and punishment,1866," Mystery, Crime Fiction, Historical Fiction, Psychological Fiction, Philosophical fiction",Fyodor Dostoyevsky,"askolnikov, an impoverished student living in the St. Petersburg of the tsars, is determined to overreach his humanity and assert his untrammeled individual will. ",Russia,486415872,The Russian Messenger
26,silent spring,1962,Non-fiction,Rachel Carson,"Silent Spring is an environmental science book by Rachel Carson. The book was published on September 27, 1962, documenting the adverse environmental effects caused by the indiscriminate use of pesticides.",USA,9.79E+12,Houghton Mifflin
27,the sea around us,1951,"Non-fiction, Nature writing", Rachel Carson,"The Sea Around Us is a prize-winning and best-selling book by the American marine biologist Rachel Carson, first published as a whole by Oxford University Press in 1951.",USA,1906509654,Oxford University Press
28,the edge of the sea,1955,"Non-fiction, Nature writing",Rachel Carson,The Sea Around Us and Under the Sea-Wind introduced Rachel Carson to a reading public eager to welcome a scientist who wrote like a poet. This poetic quality is again dominant in this interpretation ,USA,395924960,Mariner Books
29,a sand county almanac: and sketches here and there,1949,"Biography, Nature writing",Aldo Leopold,"A Sand County Almanac: And Sketches Here and There is a 1949 non-fiction book by American ecologist, forester, and environmentalist Aldo Leopold.",USA,195007778,Oxford University Press
30,the immortal life of henrietta lacks,2010,Biography,Rebecca Skloot,"The Immortal Life of Henrietta Lacks is a non-fiction book by American author Rebecca Skloot. It was the 2011 winner of the National Academies Communication Award for best creative work that helps the public understanding of topics in science, engineering or medicine",USA,1400052173, Crown Publishing Group
31,the woman in the window,2018,"Thriller, Fiction, Suspense, Psychological thriller", A. J. Finn,"Anna Fox spends her day drinking wine, watching old movies, and spying on her neighbors. But when she sees something she shouldn't, Anna's world begins to crumble.",USA,1683318080,HarperCollinsPublishers
32,the next to die,2001," Fiction, Thriller, Suspense, Psychological thriller",Kevin O'Brien,"With ""The Next to Die"", acclaimed author Kevin O'Brien delivers an intricate, provocative and taut tale of psychological suspense. …",USA,786017562,Kensington Publishing Corporation
33,an american marriage,2018,Domestic Fiction,Tayari Jones,"Newlyweds Celestial and Roy are the embodiment of both the American Dream and the New South. He is a young executive, and she is an artist on the brink of an exciting career.",USA,1616201347,OPRAH’S BOOK CLUB 2018 SELECTION
34,then she was gone,2017,"Mystery, Thriller, Suspense, Domestic Fiction",Lisa Jewell,"THEN She was fifteen, her mother's golden girl. She had her whole life ahead of her. And then, in the blink of an eye, Ellie was gone. ",United Kingdom,1501154648,Simon & Schuster
35,the third wife,2014,"Mystery, Psychological Fiction, Domestic Fiction",Lisa Jewell,"n the early hours of a summer morning, a young woman steps into the path of an oncoming bus. A tragic accident? Or suicide? At the center of this puzzle is Adrian Wolfe, a successful architect and grief-stricken widower, who, a year after his third wife's death, begins to investigate the cause.",United Kingdom,9.78E+12,Simon & Schuster
36,i found you,2016,"Fiction, Mystery, Thriller, Suspense",Lisa Jewell,"How long have you been sitting out here?''I got here yesterday.''Where did you come from?''I have no idea.'East Yorkshire-Single mum Alice Lake finds a man on the beach outside her house. He has no name, no jacket, no idea what he is doing there.",United Kingdom,1501154591,Simon & Schuster
37,fifty shades of grey,2011,"Fiction, Romance novel, Erotic romance novel",E. L. James,"Fifty Shades of Grey is a 2011 erotic romance novel by British author E. L. James. It became the first instalment in the Fifty Shades novel series that traces the deepening relationship between a college graduate, ",United Kingdom,9.79E+12,Vintage Books
38,fifty shades darker,2012,"Erotic literature, Erotic romance novel",E. L. James,"Fifty Shades Darker is a 2012 erotic romance novel by British author E. L. James. It is the second installment in the Fifty Shades trilogy that traces the deepening relationship between a college graduate, Anastasia Steele, and a young business magnate, Christian Grey.",United Kingdom,9.79E+12,Vintage Books
39,fifty shades freed,2012,"Erotic literature, Fiction, Romance novel, Erotic romance novel",E. L. James,Fifty Shades Freed is the third and final installment of the erotic romance Fifty Shades Trilogy by British author E. L. James,United Kingdom,345803507,Vintage Books
40,the kiss quotient,2018,"Fiction, Romance novel, Contemporary romance", Helen Hoang,"A thirty-year-old woman with Asperger's makes sense of her life using math, but one thing she can't handle is dating and the intimacy she feels it requires. Her conclusion: she needs lots of practice--with a professional",USA,9.78E+12,Center Point Large Print
41,the magic of thinking big,1959,"Self-help book, Business, Motivation",David J. Schwartz,"The Magic of Thinking Big, first published in 1959, is a self-help book by David J. Schwartz. An abridged version was published in 1987. Forbes called it one of the greatest self-help books.",USA,9.78E+12,"Wilshire Book Co, Chatsworth, California"
42,think and grow rich,1937,"Self-help book, Business, Motivation",Napoleon Hill,"hink and Grow Rich was written in 1937 by Napoleon Hill, promoted as a personal development and self-improvement book. Hill writes that he was inspired by a suggestion from business magnate and later-philanthropist Andrew Carnegie",USA,9.79E+12,The Ralston Society
43,the law of success,1925,"Self-help book, Business, Motivation",Napoleon Hill,"The Law of Success is a 1925 book – actually in the form of a set of 15 separate booklets – by Napoleon Hill. It was released as a limited edition of 118 copies and was given to many of Americas most successful individuals, all of whom had contributed to the book's content.",USA,9.78E+12,Tribeca Books
44,outwitting the devil,2011,"Self-help book, Business, Motivation",Napoleon Hill,"Outwitting the Devil is a book by Napoleon Hill, with annotations by Sharon Lechter. It was originally written in 1938 by Hill, but was said to be too controversial to be published during that time period. It was released by Sterling Publishing in June, 2011. The book is an interview between Hill and The Devil.",USA,9.78E+12,Sterling Publishing
45,the president is missing,2018,"Mystery, Thriller, Suspense, Crime Fiction, Political thriller, Political fiction",Bill Clinton and James Patterson,The book begins with US President Jonathan Lincoln Duncan rehearsing a potential testimony with a House of Representatives select committee.,USA,9.78E+12,"Alfred A. Knopf, Inc."
46,transfer of power,1999,"Thriller, Suspense, Political thriller, Political fiction",Vince Flynn,Rapp is introduced while he is performing a covert operation in Iran and he discovers a possible terrorist attack planned for the nation's capital to happen in the near future. ,USA,1416516352,Pocket Books
47,order to kill,2016,"Thriller, Suspense, Spy fiction, Adventure fiction, Political thriller, Political fiction",Kyle Mills and Vince Flynn,"In the next thrilling novel in the #1 New York Times bestselling Mitch Rapp series, the anti-terrorism operative heads to Pakistan to confront a mortal threat he may not be prepared for. In fact, this time he might have met his match.",USA,1471148300,Simon & Schuster
48,the survivor,2015,"Mystery, Thriller, Suspense, Political thriller, Political fiction",Kyle Mills and Vince Flynn,"Top secret data has been stolen from the CIA, and the only man who knows its hiding place is dead. CIA operative Mitch Rapp must race to find the classified information in this novel that acts as a continuation of the previous novel, The Last Man",USA,978-1476783451,Simon & Schuster
49,oath of office,2018,"Thriller, Suspense, War story, Spy fiction, Adventure fiction, Political thriller, Political fiction, Techno-thriller",Marc Cameron,"In Iran, a series of protests break out between a group of dissidents led by Reza Kazem and the Iranian theocratic government in what is favorably dubbed by the general media as the Persian Spring.",USA,9.78E+12,G. P. Putnam's Sons
50,separation of power,2001,"Mystery, Thriller, Suspense, Political thriller, Political fiction",Vince Flynn,"The novel is set shortly after the events of The Third Option. CIA Director Thomas Stansfield has succumbed to his terminal cancer, leaving many in Washington confused as to why his dying wish was to have the Director of the Counterterrorism Center Dr. Irene Kennedy to succeed him. ",USA,9.78E+12,Pocket Books
51,commander in chief,2015,"Political Thriller, Military Fiction",Mark Greaney,"In Russia, the silovik, a group of military & intelligence officers and businessmen who basically control the country’s affairs, are concerned about the country’s economic decline.",USA,9.78E+12,G. P. Putnam's Sons
52,devil in winter,2006,"Romance novel, Historical Fiction, Historical romance",Lisa Kleypas,"Evangeline Jenner stands to become the wealthiest Wallflower, once her inheritance comes due. Because she must first escape the clutches of her unscrupulous relatives,",USA,749942908,HarperCollinsPublishers
53,smarter faster better: the secrets of being productive in life and business,2016,"Self-help book, Business, Motivation",Charles Duhigg,"n his international bestseller The Power of Habit, Pulitzer Prize-winner Charles Duhigg explained why we do what we do. Now he applies the same relentless curiosity and masterful analysis to the question- how can each of us achieve more?",USA,1847947433,Random House
54,relentless: from good to great to unstoppable,2013,"Self-help book, Business, Motivation",Tim S. Grover,"For more than two decades, legendary trainer Tim Grover has taken the greats—Michael Jordan, Kobe Bryant, Dwyane Wade, and hundreds of relentless competitors in sports, business, and every walk of life—and made them greater. ",USA,1476714207,Simon & Schuster
55,this is me letting you go,2016,"Self-help book, Business, Motivation",Heidi Priebe,"Letting go is not a process that comes naturally to us. In a world that teaches us to cling to what we love at all costs, there is an undeniable art to moving on - and it's one that we are constantly relearning. ..",Canada,1530896657,CreateSpace Independent Publishing Platform
56,the minor,1782,"Farce, Comedy",Denis Fonvizin,"The Minor, is a 1782 play by Denis Fonvizin.",Russia,9.78E+12,Bradda Books Ltd
57,the flavor bible,2008,Cookbook,Andrew Dornenburg and Karen A. Page,Winner of the 2009 James Beard Book Award for Best Book: Reference and Scholarship Great cooking goes beyond following a recipe--it's knowing how to season ingredients to coax the greatest possible flavor from them,USA,9.78E+12,"Little, Brown and Company"
58,the professional chef,1991,Cookbook,The Culinary Institute of America,"A serious reference for serious cooks."" —Thomas Keller, Chef and owner, The French Laundry Named one of the five favorite culinary books of this decade by Food Arts magazine,",USA,764557343,Wiley
59,the food lab,2015,Cookbook,J. Kenji López-Alt,The Food Lab: Better Home Cooking Through Science is a 2015 cookbook written by American chef J. Kenji Lopez-Alt. The book contains close to 300 savoury American cuisine recipes.,USA,978-0393081084,W. W. Norton & Company
60,5 ingredients: quick & easy food,2017,"Cookbook, Diet book",Jamie Oliver,"Jamie Oliver--one of the bestselling cookbook authors of all time--is back with a bang. Focusing on incredible combinations of just five ingredients, he's created 130 brand-new recipes that you can cook up at home, any day of the week",United Kingdom,9.78E+12, Penguin UK
61,the science of good cooking,2012,Cookbook," Guy Crosby, Editors of America's Test Kitchen","Master 50 simple concepts to ensure success in the kitchen. Unlock a lifetime of successful cooking with this groundbreaking new volume from the editors of Cook's Illustrated, the magazine that put food science on the map",USA,1936493462,America's Test Kitchen
62,the food of morocco,2011,Cookbook,Paula Wolfert,"The Food of Morocco, she brings to bear more than forty years of experience of, love of, and original research on the traditional food of that country",USA,1408827468,HarperCollinsPublishers
63,"the champion's mind: how great athletes think, train, and thrive",2014,"Self-help book, Sports",Jim Afremow,"Even among the most elite performers, certain athletes stand out as a cut above the rest, able to outperform in clutch, game-deciding moments. …",USA,1623361494,Rodale Books
64,into thin air,1997,"Non-Fiction, Sports, Travel Literaure",Jon Krakauer,Into Thin Air: A Personal Account of the Mt. Everest Disaster is a 1997 bestselling non-fiction book written by Jon Krakauer. It details the author's experience at the 1996 Mount Everest,USA,978-0385494786, Villard Books
65,into the wild,1996,"Biography, Guidebook, Travel Literature, Sports",Jon Krakauer,"On September 6, 1992, Christopher McCandless' body was found inside an abandoned bus in Alaska (63°52′06.23″N 149°46′09.49″WCoordinates: 63°52′06.23″N 149°46′09.49″W).[4] One year later, author Jon Krakauer retraced McCandless' steps during the two years between college graduation and his demise in Alaska. McCandless shed his legal name early in his journey, adopting the moniker ""Alexander Supertramp"", after W.H. Davies",USA,0-679-42850-X,Vintage Books
66,touching the void,1988,"Biography, Travel Literature",Joe Simpson,"Simpson and Yates reach the summit of the previously unclimbed West Face of Siula Grande. Upon descent, Simpson slipped down an ice cliff and landed awkwardly, crushing his tibia into his knee joint, thus breaking his right leg.",USA,60730552,HarperCollinsPublishers
67,the alchemist,1988,"Novel, Drama, Quest, Fantasy Fiction, Adventure fiction",Paulo Coelho,"The Alchemist follows the journey of an Andalusian shepherd boy named Santiago. Believing a recurring dream to be prophetic, he asks a Romani fortune teller in a nearby town about its meaning. The woman interprets the dream as a prophecy telling the boy that he will discover a treasure at the Egyptian pyramids.",Brazil,0-06-250217-4,HarperCollinsPublishers
68,climbing everest,2010,"Biography, Travel literature",George Mallory,"Peter Gillman is one of Britain's leading mountaineering writers. His articles have appeared in the national press for more than thirty years and he has a dozen books to his name, including Eiger Direct and his acclaimed Everest anthology. In 1992 he saw Everest with his wife on a journey through Tibet, retracing the steps of Mallory's 1921 reconnaissance expedition. He lives in south London, England.",United Kingdom,1903933307,Gibson Square
69,the man who knew infinity,1991,Biography,Robert Kanigel,"he Man Who Knew Infinity: A Life of the Genius Ramanujan is a biography of the Indian mathematician Srinivasa Ramanujan, written in 1991 by Robert Kanigel and published by Washington Square Press. ",USA,978-0-684-19259-8,Charles Scribner's Sons
70,the pursuit of happyness,2006,"Biography, Autobiography",Chris Gardner,The astounding yet true rags-to-riches saga of a homeless father who raised and cared for his son on the mean streets of San Francisco and went on to become a crown prince of Wall Street,USA,1417809450,HarperCollinsPublishers
71,start where you are: life lessons in getting from where you are to where you want to be,2009,"Self-help book, Business, Motivation",Chris Gardner and Mim Eichler Rivas,"Since Chris Gardner's remarkable transformation from homeless single father to millionaire—chronicled in his number one New York Times bestseller The Pursuit of Happyness, which inspired the movie of the same name—he has been inundated with two questions: ""How did you do it?"" and ""How can I do it too?",USA,61537128,HarperCollinsPublishers
72,7 years with jim rohn: mentored by a master,2014,"Biography, Autobiography",Chris Widener,"For the first time in history, Chris shares his insights on what made Jim Rohn tick during his years as speaker, author and leader.  For 7 years, best-selling author and speaker Chris Widener was personally mentored by Jim Rohn.  In this time, Chris travelled with Jim Rohn and absorbed his business acumen first-hand.  ",USA,1613396880,Made For Success Publishing
73,mein kampf,1925,Autobiography,Adolf Hitler,"Mein Kampf (German: [maɪ̯n kampf], My Struggle) is a 1925 autobiographical book by Nazi Party leader Adolf Hitler. The work describes the process by which Hitler became antisemitic and outlines his political ideology and future plans for Germany",Germany,978-1495333347, Franz Eher Nachfolger
74,"hitler: ascent, 1889-1939",2013,Biography,Volker Ullrich,"Given his status as arguably the most despised political figure in history, it is surprising that there have only been four serious biographies of the Fuhrer since the 1930s. Perhaps even more surprisingly, his biographers have been more interested in how he came to power and how he exercised his leadership than in Hitler the person.",Germany,1847922864,Vintage Books
75,dreams from my father,2004,"Autobiography, Memoir, Biography", Barack Obama,"Dreams from My Father: A Story of Race and Inheritance is a memoir by Barack Obama, who was elected as U.S. President in 2008. The memoir explores the events of Obama's early years in Honolulu and Chicago up until his entry into law school in 1988.",USA,1-4000-8277-3,Three Rivers Press
76,becoming,2018,"Biography, Autobiography, Memoir",Michelle Obama,"Becoming is the autobiographical memoir of former United States First Lady Michelle Obama published in 2018.[1][2] Described by the author as a deeply personal experience,[3] the book talks about her roots and how she found her voice, as well as her time in the White House, her public health campaign, and her role as a mother.[4] The book is published by Crown and will be released in 24 languages.",USA,978-1-5247-6313-8, Crown Publishing Group
77,the test of my life,2013,"Autobiography, Sports","Nishant Jeet Arora, Sharda Ugra, and Yuvraj Singh","That day I cried like a baby not because I feared what cancer would do but because I didn’t want the disease. I wanted my life to be normal, which it could not be.’ For the first time Yuvraj Singh tells the real story behind the 2011 World Cup when on-the-field triumph hid his increasingly puzzling health problems and worrying illnesses. In his debut book The test of my life, he reveals how—plagued with insomnia, coughing fits that left him vomiting blood, and an inability to eat—he made a deal with God. On the night before the 2011 ICC Cricket World ",India,818400401X,Random House
78,playing it my way,2014,"Autobiography, Biography, Sports","Boria Majumdar,  Sachin Tendulkar","Playing It My Way is the autobiography of former Indian cricketer Sachin Tendulkar. It was launched on 5 November 2014 in Mumbai.[3][4][5] The book summarises Tendulkar's early days, his 24 years of international career and aspects of his life that have not been shared publicly.[",India,978-14-736-0520-6,Hodder & Stoughton
79,the race of my life,2013,"Autobiography, Sports",Milkha Singh,"Milkha Singh, a Sikh boy born around 1930s,[a] runs against trains for fun. A lot of his family, including his parents, are killed in the Partition of India. ",India,8129129108,Rupa Publications
80,a century is not enough: my roller-coaster ride to success,2018,"Autobiography, Sports, biography",Gautama Bhaṭṭācārya and Sourav Ganguly,"A sporting classic and a manual for livingSourav Ganguly life has been full of highs and lows.Arguably India greatest cricket captain, he gave confidence to the team,reenergized them and took India,for the first time, to spectacular overseas victories.But Ganguly story also came with great challenges from his early days where he had to wait four long years beforebeing included in the team to the ugly battle with the Australian coach Greg Chappell",India,9386228564,Juggernaut Books
81,ponting: at the close of play,2013,"Autobiography, Biography, Sports",Ricky Ponting,"Ricky Ponting is one of the greatest Australian cricketers to have worn the baggy green. His autobiography details his journey from his childhood protégé, to the highs and lows of an extraordinary international cricket career, to retirement.",Australia,732291828,HarperCollinsPublishers
82,kp: the autobiography,2014,"Biography, Autobiography, Sports", David Walsh and Kevin Pietersen,"KP: The Autobiography is the autobiography of England cricketer Kevin Pietersen, ghost written by Irish sports journalist David Walsh. It was scheduled to be released on 9 October 2014",United Kingdom,978-0751557541,Sphere
83,half girlfriend,2014,Romance novel,Chetan Bhagat,"Half Girlfriend is an Indian English coming of age, young adult romance novel by Indian author Chetan Bhagat. The novel, set in rural Bihar, New Delhi, Patna, and New York, is the story of a Bihari boy in quest of winning over the girl he loves.",India,978-81-291-3572-8,Rupa Publications
84,2 states: the story of my marriage,2009,"Fiction, Romance novel",Chetan Bhagat,"2 States: The Story of My Marriage commonly known as 2 States is a 2009 novel written by Chetan Bhagat. It is the story about a couple coming from two different states in India, who face hardships in convincing their parents to approve of their marriage.",India,978-81-291-1530-0,Rupa Publications
85,one indian girl,2016,"Fiction, Romance novel",Chetan Bhagat,"One Indian Girl is the story of Radhika Mehta, a worker at the Distressed Debt group of Goldman Sachs, an investment bank. The book begins with Radhika making arrangements regarding her marriage with Brijesh Gulati who works in the Facebook company in San Francisco. ",India,978-8129142146,Rupa Publications
86,the 3 mistakes of my life,2008,Fiction,Chetan Bhagat,"The 3 Mistakes of My Life is the third novel written by Chetan Bhagat. The book was published in May 2008 and had an initial print-run of 420,000. The novel follows the story of three friends and is based in the city of Ahmadabad in western India.",India,978-81-291-3551-3,Haider Ali
87,revolution 2020,2011,"Fiction, Romance Novel",Chetan Bhagat,"Revolution 2020: Love, Corruption, Ambition is a 2011 novel by Chetan Bhagat. Its story is concerned with a love triangle, corruption and a journey of self-discovery.",India,978-8129135537,Rupa Publications
88,if it's not forever,2012,"Romance novel, Thriller, Suspense, Psychological Fiction, Romantic fantasy",Durjoy Datta and Nikita Singh,The author starts off with memories of the blast day. Deb had survived the bomb attack that left eighty nine people injured and many people dead.[4] He feels sick at home and could not help wipe away the evil memories of the day. ,India,9.79E+12,Grapevine India Publishers
89,you were my crush: till you said you love me!,2011,"Fiction, Romantic fantasy",Durjoy Datta,"Would you change yourself for the love of your life? Benoy zips around in a Bentley, lives alone in a palatial house and is every girl’s dream. To everyone in college he is a stud and a heartbreaker. But is he, really? ..",India,143421557,Penguin India
90,programming pearls,1986,"Programing, Computer Science",Jon Bentley,The essays in this book present programs that go beyond solid engineering techniques to be creative and clever solutions to computer problems. The programs are fun and teach important programming tecniques and fundamental design principles.,USA,201103311,Addison-Wesley
91,clean code,2008,"Programing, Computer Science",Robert Cecil Martin,"Even bad code can function. But if code isn't clean, it can bring a development organization to its knees. Every year, countless hours and significant resources are lost because of poorly written code",USA,132350882,Prentice Hall
92,algorithms + data structures = programs,1976,"Programing, Computer Science",Niklaus Wirth,"Algorithms + Data Structures = Programs is a 1976 book written by Niklaus Wirth covering some of the fundamental topics of computer programming, particularly that algorithms and data structures are inherently related.",USA,978-0-13-022418-7,Prentice-Hall
93,medical medium,2015,"Cookbook, Diet book",Anthony William,"Anthony William, the one and only Medical Medium, has helped tens of thousands of people heal from ailments that have been misdiagnosed or ineffectively treated or that doctors can't resolve. He's done this by listening to a divine voice that literally speaks into his ear, telling him what lies at the root of people's pain or illness and what they need to do to restore their health",United Kingdom,9.78E+12,Hay House UK Limited
94,how not to die,2015,Diet book,Gene Stone and Michael Greger,"From the physician behind the wildly popular website NutritionFacts.org, How Not to Die reveals the groundbreaking scientific evidence behind the only diet that can prevent and reverse many of the causes",USA,1250116937,Pan Macmillan
95,the obesity code: unlocking the secrets of weight loss,2016,Diet book,Jason Fung,"In this highly readable and provocative book, Dr. Jason Fung sets out an original, robust theory of obesity that provides startling insights into proper nutrition.",Canada,1771641266,Greystone Books
96,the diabetes code: prevent and reverse type 2 diabetes naturally,2018,Diet book,Jason Fung,"In 2016, Dr. Jason Fung forever changed the way we think about obesity with his bestselling book, The Obesity Code. Now he's set out to do the same for type 2 diabetes.",Canada,1771642653,Greystone Books
97,the end of diabetes,2012,Diet book,Joel Fuhrman,"The New York Times bestselling author of Eat to Live and Super Immunity and one of the country’s leading experts on preventive medicine offers a scientifically proven, practical program to prevent and reverse diabetes—without drugs",USA,62219995,HarperCollinsPublishers
98,the end of dieting: how to live for life,2014,"Cookbook, Diet book",Joel Fuhrman,"In The End of Dieting, Joel Fuhrman M.D., a board–certified family physician who specializes in preventing and reversing disease through nutritional and natural methods, and #1 New York Times bestselling author of Eat to Live, Super Immunity and The End of Diabetes, delivers a powerful paradigm-shifting book that shows us how and why we never need to diet again.",USA,62249347,HarperCollinsPublishers
99,the end of heart disease,2016,Diet book,Joel Fuhrman,"The New York Times bestselling author of Eat to Live, Super Immunity, The End of Diabetes, and The End of Dieting presents a scientifically proven, practical program to prevent and reverse heart disease, the leading cause of death in America",USA,62249371,HarperCollinsPublishers
100,"super immunity: the essential nutrition guide for boosting your body's defenses to live longer, stronger, and disease free",2011,Diet book,Joel Fuhrman,"This book proves that eating high nutrient dense foods is the best path to building a super immune system, leading to a healthy long life with a “sound mind” and the recipes are superb. In Super Immunity, world-renowned health expert and New York Times bestselling author of Eat to Live Dr. Joel Fuhrman offers a nutritional guide to help you live longer, stronger, and disease free.",USA,62080644,HarperOne; Reprint edition
101,harry potter and the philosopher's stone,1997,"Novel, Fantasy Fiction",J. K. Rowling,"Adaptation of the first of J.K. Rowling's popular children's novels about Harry Potter, a boy who learns on his eleventh birthday that he is the orphaned son of two powerful wizards and possesses unique magical powers of his own.",United Kingdom,9.78E+12,Bloomsbury (UK)
102,harry potter and the chamber of secrets,1998,"Novel, Fantasy Fiction",J.K. Rowling,"The second instalment of boy wizard Harry Potter's adventures at Hogwarts School of Witchcraft and Wizardry, based on the novel by JK Rowling. A mysterious elf tells Harry to expect trouble during his second year at Hogwarts, but nothing can prepare him for trees that fight back, flying cars, spiders that talk and deadly warnings written in blood on the walls of the school.",United Kingdom,9.78E+12,Bloomsbury (UK)
103,harry potter and the prisoner of azkaban,1999,"Novel, Fantasy Fiction",J.K. Rowling,"Harry Potter's (Daniel Radcliffe) third year at Hogwarts starts off badly when he learns deranged killer Sirius Black (Gary Oldman) has escaped from Azkaban prison and is bent on murdering the teenage wizard. While Hermione's (Emma Watson) cat torments Ron's (Rupert Grint) sickly rat, causing a rift among the trio, a swarm of nasty Dementors is sent to protect the school from Black. A mysterious new teacher helps Harry learn to defend himself, but what is his secret tie to Sirius Black?",United Kingdom,9.78E+12,Bloomsbury (UK)
104,harry potter and the goblet of fire,2000,"Novel, Fantasy Fiction",J.K. Rowling,"Harry Potter and the Goblet of Fire Summary. The novel starts with Harry seeing Frank Bryce being killed by Voldemort in a vision. He awakes from the pain coming from his scar. The next day the Weasleys take Harry and Hermione to the Quidditch World Cup, using a Portkey.",United Kingdom,9.78E+12,Bloomsbury (UK)
105,harry potter and the order of the phoenix,2003,"Novel, Fantasy Fiction",J.K. Rowling,"Now in his fifth year at Hogwarts, Harry (Daniel Radcliffe) learns that many in the wizarding community do not know the truth of his encounter with Lord Voldemort. Cornelius Fudge, minister of Magic, appoints his toady, Dolores Umbridge, as Defense Against the Dark Arts teacher, for he fears that professor Dumbledore will take his job. But her teaching is deficient and her methods, cruel, so Harry prepares a group of students to defend the school against a rising tide of evil.",United Kingdom,9.79E+12,Bloomsbury (UK)
106,harry potter and the half-blood prince,2005,"Novel, Fantasy Fiction",J.K. Rowling,"As Death Eaters wreak havoc in both Muggle and Wizard worlds, Hogwarts is no longer a safe haven for students. Though Harry (Daniel Radcliffe) suspects there are new dangers lurking within the castle walls, Dumbledore is more intent than ever on preparing the young wizard for the final battle with Voldemort. Meanwhile, teenage hormones run rampant through Hogwarts, presenting a different sort of danger. Love may be in the air, but tragedy looms, and Hogwarts may never be the same again.",United Kingdom,9.79E+12,Bloomsbury (UK)
107,harry potter and the deathly hallows,2007,"Novel, Fantasy Fiction",J.K. Rowling,"Without the guidance and protection of their professors, Harry (Daniel Radcliffe), Ron (Rupert Grint) and Hermione (Emma Watson) begin a mission to destroy the Horcruxes, the sources of Voldemort's immortality. Though they must rely on one another more than ever, dark forces threaten to tear them apart. Voldemort's Death Eaters have seized control of the Ministry of Magic and Hogwarts, and they are searching for Harry -- even as he and his friends prepare for the ultimate showdown.",United Kingdom,9.78E+12,Bloomsbury (UK)
